,(Intercept),data$first,data$second,r_squared
1,-0.917254311,0.852646023,3.007624421,0.471426071
2,-0.366885626,-1.848212131,1.297400001,0.793145472
3,-0.143508833,-0.455828323,1.03124,0.845460668
4,-0.318592672,8.568439989,0.8012118,0.716721384
5,0.033183265,4.020728626,-0.055698167,0.97935011
